Workbook

Sheet Supplement Overzicht
B2: 🏋️ Supplement Overzicht – Bert
B3: Gegenereerd op 31 March 2026
B5: Supplement | C5: Merk | D5: Type | E5: Std. Dosis | F5: Eenheid | G5: Tijdstip | H5: Sleutelstoffen | I5: ADH % | J5: Verpakking | K5: Notities
B6: Magnesium Bisglycinaat 375 mg | C6: Lucovitaal | D6: Tablet | E6: 2 | F6: tablets | G6: Avond / bij maaltijd | H6: 375 mg Mg elementair • Bisglycinaat-vorm | I6: 100% magnesium | J6: 90 tabletten | K6: Hoge biologische beschikbaarheid. Geen maagklachten.
B7: Opti-Men Multivitamine | C7: Optimum Nutrition | D7: Tablet | E7: 3 | F7: tablets | G7: Ochtend bij maaltijd | H7: 75+ stoffen • Vit C 300mg • Zink 30mg • B-complex • Amino-blend | I7: Vit C 500% • B1 5000% • Zink 200% | J7: 90 / 180 / 240 tabs | K7: Bevat ook 100 mg Mg en 300 IU Vit D3.
B8: Omega-3 + Vitamine D3 | C8: Body&Fit | D8: Softgel | E8: 1 | F8: capsules | G8: Ochtend bij maaltijd | H8: 1000 mg visolie • EPA 180 mg • DHA 120 mg • Vit D3 1000 IU | I8: Vit D3 500% | J8: 180 softgels | K8: 1–2 capsules per dag. Koud, droog bewaren.
B9: Creatine Monohydrate | C9: Body&Fit | D9: Poeder | E9: 6 | F9: gram | G9: Pre- of post-workout | H9: 100% Creatine Monohydraat • Smaakvrij | I9: — | J9: 250 g / 500 g | K9: Oplossen in 200–250 ml water. Dosis aanpasbaar in app.
B12: ⚠️ OVERLAP NOTITIES
B13: Magnesium totaal: Opti-Men (100 mg) + Lucovitaal (375 mg) = ±475 mg/dag | ADH = 375 mg | Veilig voor gezonde volwassenen.
B14: Vitamine D totaal: Opti-Men (300 IU) + Body&Fit Omega-3 (1000 IU) = ±1300 IU/dag | Veilige bovengrens = 4000 IU/dag | Prima.
B15: Creatine: geen overlap met andere supplementen.

Sheet Dagelijks Log
B2: 📋 Dagelijks Supplement Log
B3: Voeg rijen toe voor elke inname. Exporteerbaar als CSV voor Bitfit.
B5: Datum | C5: Supplement | D5: Merk | E5: Dosis | F5: Eenheid | G5: Tijdstip | H5: Gewicht (kg) | I5: Training | J5: Notities
B6: 46112 | C6: Magnesium Bisglycinaat 375 mg | D6: Lucovitaal | E6: 2 | F6: tablets | G6: avond
B7: 46112 | C7: Opti-Men Multivitamine | D7: Optimum Nutrition | E7: 3 | F7: tablets | G7: ochtend | I7: Squat dag
B8: 46112 | C8: Omega-3 + Vitamine D3 | D8: Body&Fit | E8: 1 | F8: capsules | G8: ochtend
B9: 46112 | C9: Creatine Monohydrate | D9: Body&Fit | E9: 6 | F9: gram | G9: pre-workout | H9: 82 | I9: Squat dag | J9: Met 300ml water

Sheet Weekoverzicht
B2: 📊 Weekoverzicht – Consistentie
B3: Telt hoe vaak elk supplement deze week werd gelogd (maandag t/m zondag)
B5: Week van (maandag): | D5: 46111 | E5: t/m | F5: =D5+6 -> 46117
B7: Supplement | C7: Ma | D7: Di | E7: Wo | F7: Do | G7: Vr | H7: Za | I7: Zo | J7: Totaal | K7: Doel | L7: % Compleet
B8: Magnesium Bisglycinaat | C8: =COUNTIFS('Dagelijks Log'!B:B,Weekoverzicht!$D$5+0,'Dagelijks Log'!C:C,"*Magnesium Bi*") -> 0 | D8: =COUNTIFS('Dagelijks Log'!B:B,Weekoverzicht!$D$5+1,'Dagelijks Log'!C:C,"*Magnesium Bi*") -> 1 | E8: =COUNTIFS('Dagelijks Log'!B:B,Weekoverzicht!$D$5+2,'Dagelijks Log'!C:C,"*Magnesium Bi*") -> 0 | F8: =COUNTIFS('Dagelijks Log'!B:B,Weekoverzicht!$D$5+3,'Dagelijks Log'!C:C,"*Magnesium Bi*") -> 0 | G8: =COUNTIFS('Dagelijks Log'!B:B,Weekoverzicht!$D$5+4,'Dagelijks Log'!C:C,"*Magnesium Bi*") -> 0 | H8: =COUNTIFS('Dagelijks Log'!B:B,Weekoverzicht!$D$5+5,'Dagelijks Log'!C:C,"*Magnesium Bi*") -> 0 | I8: =COUNTIFS('Dagelijks Log'!B:B,Weekoverzicht!$D$5+6,'Dagelijks Log'!C:C,"*Magnesium Bi*") -> 0 | J8: =C8+D8+E8+F8+G8+H8+I8 -> 1 | K8: 7 | L8: =IF(K8>0,J8/K8,0) -> 0.14285714
B9: Opti-Men Multivitamine | C9: =COUNTIFS('Dagelijks Log'!B:B,Weekoverzicht!$D$5+0,'Dagelijks Log'!C:C,"*Opti-Men Mul*") -> 0 | D9: =COUNTIFS('Dagelijks Log'!B:B,Weekoverzicht!$D$5+1,'Dagelijks Log'!C:C,"*Opti-Men Mul*") -> 1 | E9: =COUNTIFS('Dagelijks Log'!B:B,Weekoverzicht!$D$5+2,'Dagelijks Log'!C:C,"*Opti-Men Mul*") -> 0 | F9: =COUNTIFS('Dagelijks Log'!B:B,Weekoverzicht!$D$5+3,'Dagelijks Log'!C:C,"*Opti-Men Mul*") -> 0 | G9: =COUNTIFS('Dagelijks Log'!B:B,Weekoverzicht!$D$5+4,'Dagelijks Log'!C:C,"*Opti-Men Mul*") -> 0 | H9: =COUNTIFS('Dagelijks Log'!B:B,Weekoverzicht!$D$5+5,'Dagelijks Log'!C:C,"*Opti-Men Mul*") -> 0 | I9: =COUNTIFS('Dagelijks Log'!B:B,Weekoverzicht!$D$5+6,'Dagelijks Log'!C:C,"*Opti-Men Mul*") -> 0 | J9: =C9+D9+E9+F9+G9+H9+I9 -> 1 | K9: 7 | L9: =IF(K9>0,J9/K9,0) -> 0.14285714
B10: Omega-3 + Vitamine D3 | C10: =COUNTIFS('Dagelijks Log'!B:B,Weekoverzicht!$D$5+0,'Dagelijks Log'!C:C,"*Omega-3 + Vi*") -> 0 | D10: =COUNTIFS('Dagelijks Log'!B:B,Weekoverzicht!$D$5+1,'Dagelijks Log'!C:C,"*Omega-3 + Vi*") -> 1 | E10: =COUNTIFS('Dagelijks Log'!B:B,Weekoverzicht!$D$5+2,'Dagelijks Log'!C:C,"*Omega-3 + Vi*") -> 0 | F10: =COUNTIFS('Dagelijks Log'!B:B,Weekoverzicht!$D$5+3,'Dagelijks Log'!C:C,"*Omega-3 + Vi*") -> 0 | G10: =COUNTIFS('Dagelijks Log'!B:B,Weekoverzicht!$D$5+4,'Dagelijks Log'!C:C,"*Omega-3 + Vi*") -> 0 | H10: =COUNTIFS('Dagelijks Log'!B:B,Weekoverzicht!$D$5+5,'Dagelijks Log'!C:C,"*Omega-3 + Vi*") -> 0 | I10: =COUNTIFS('Dagelijks Log'!B:B,Weekoverzicht!$D$5+6,'Dagelijks Log'!C:C,"*Omega-3 + Vi*") -> 0 | J10: =C10+D10+E10+F10+G10+H10+I10 -> 1 | K10: 7 | L10: =IF(K10>0,J10/K10,0) -> 0.14285714
B11: Creatine Monohydrate | C11: =COUNTIFS('Dagelijks Log'!B:B,Weekoverzicht!$D$5+0,'Dagelijks Log'!C:C,"*Creatine Mon*") -> 0 | D11: =COUNTIFS('Dagelijks Log'!B:B,Weekoverzicht!$D$5+1,'Dagelijks Log'!C:C,"*Creatine Mon*") -> 1 | E11: =COUNTIFS('Dagelijks Log'!B:B,Weekoverzicht!$D$5+2,'Dagelijks Log'!C:C,"*Creatine Mon*") -> 0 | F11: =COUNTIFS('Dagelijks Log'!B:B,Weekoverzicht!$D$5+3,'Dagelijks Log'!C:C,"*Creatine Mon*") -> 0 | G11: =COUNTIFS('Dagelijks Log'!B:B,Weekoverzicht!$D$5+4,'Dagelijks Log'!C:C,"*Creatine Mon*") -> 0 | H11: =COUNTIFS('Dagelijks Log'!B:B,Weekoverzicht!$D$5+5,'Dagelijks Log'!C:C,"*Creatine Mon*") -> 0 | I11: =COUNTIFS('Dagelijks Log'!B:B,Weekoverzicht!$D$5+6,'Dagelijks Log'!C:C,"*Creatine Mon*") -> 0 | J11: =C11+D11+E11+F11+G11+H11+I11 -> 1 | K11: 5 | L11: =IF(K11>0,J11/K11,0) -> 0.2
